id_customer,first_name,last_name,email,password,created_at,updated_at
1,Matteo,Asche,masche8@diigo.com,jmTA4tj3R1L,2019/07/10 11:35:04,2019/07/10 11:35:04
2,Franky,Oxshott,foxshottj@goo.ne.jp,Je8gFM3,2019/07/10 11:35:04,2019/07/10 11:35:04
3,Barnebas,Pottes,bpottesv@opensource.org,SmfHVrSX80,2019/07/10 11:35:04,2019/07/10 11:35:04
4,Antonino,Le Grand,alegrand14@go.com,3SPiVzRg,2019/07/10 11:35:04,2019/07/10 11:35:04
5,Boonie,Garm,bgarmb@chron.com,ceuHbVn4V,2019/07/10 11:35:04,2019/07/10 11:35:04
6,Sherwynd,Hawyes,shawyes10@biglobe.ne.jp,egLjyF,2019/07/10 11:35:04,2019/07/10 11:35:04
7,Gerianne,Gillian,ggillian4@marriott.com,ASYZBE,2019/07/10 11:35:04,2019/07/10 11:35:04
8,Pegeen,Howden,phowden1v@youtube.com,plYuI3cO6GWt,2019/07/10 11:35:04,2019/07/10 11:35:04
9,Jarred,McLewd,jmclewdg@wikia.com,W1wzlMP3,2019/07/10 11:35:04,2019/07/10 11:35:04
10,Adolpho,Gilbanks,agilbanks2d@prnewswire.com,S7zP2H8,2019/07/10 11:35:04,2019/07/10 11:35:04
11,Ronny,Lapley,rlapley26@elpais.com,2ZJ87jdWP62,2019/07/10 11:35:04,2019/07/10 11:35:04
12,Matty,Bourdon,mbourdon2f@npr.org,xxY74uQMLF,2019/07/10 11:35:04,2019/07/10 11:35:04
13,Austen,Plante,aplante1a@irs.gov,6WZfK9vQK8q5,2019/07/10 11:35:04,2019/07/10 11:35:04
14,Kendricks,Murfett,kmurfett1r@boston.com,eRvDya,2019/07/10 11:35:04,2019/07/10 11:35:04
15,Buffy,Klicher,bklicher1y@i2i.jp,pL7z16d,2019/07/10 11:35:04,2019/07/10 11:35:04
16,Ericha,Laurance,elauranceu@pinterest.com,xyidEk4rla,2019/07/10 11:35:04,2019/07/10 11:35:04
17,Dru,Yonge,dyonge1n@columbia.edu,u0CBgMO3N,2019/07/10 11:35:04,2019/07/10 11:35:04
18,Rahel,Huxster,rhuxster27@admin.ch,3CL80uOGf9XE,2019/07/10 11:35:04,2019/07/10 11:35:04
19,Edi,Clingoe,eclingoeh@tripadvisor.com,okYNtJqO,2019/07/10 11:35:04,2019/07/10 11:35:04
20,Wilt,Hefferan,whefferan2g@tmall.com,pK3Cp2RL,2019/07/10 11:35:04,2019/07/10 11:35:04
21,Worth,Brundall,wbrundall0@eepurl.com,6jNex0lr1,2019/07/10 11:35:04,2019/07/10 11:35:04
22,Erika,Flemyng,eflemyng1z@dailymotion.com,7NMJXc3vVEjy,2019/07/10 11:35:04,2019/07/10 11:35:04
23,Ruby,Peddowe,rpeddowei@tamu.edu,Oq352h5USY,2019/07/10 11:35:04,2019/07/10 11:35:04
24,Lizette,Plaskett,lplaskett1u@patch.com,wbUEKJEY,2019/07/10 11:35:04,2019/07/10 11:35:04
25,Flore,Hartwell,fhartwell5@discuz.net,IAGw76GbVgl,2019/07/10 11:35:04,2019/07/10 11:35:04
26,Lyndsay,Goodyer,lgoodyer2b@shutterfly.com,UMupW0lwHuaV,2019/07/10 11:35:04,2019/07/10 11:35:04
27,Aurlie,Duffan,aduffan24@europa.eu,aTKwKIJDb,2019/07/10 11:35:04,2019/07/10 11:35:04
28,Grazia,Petrie,gpetrien@hao123.com,kJXFQ2,2019/07/10 11:35:04,2019/07/10 11:35:04
29,Goddard,Godfree,ggodfree12@cafepress.com,tc39u7saq9Ar,2019/07/10 11:35:04,2019/07/10 11:35:04
30,Twyla,Jedras,tjedras7@360.cn,AlquypiKNG,2019/07/10 11:35:04,2019/07/10 11:35:04
31,Cobby,Gerrelts,cgerreltsf@census.gov,kqIE8lUg0J,2019/07/10 11:35:04,2019/07/10 11:35:04
32,Cordey,Rosin,crosinz@washington.edu,P2GxkKd,2019/07/10 11:35:04,2019/07/10 11:35:04
33,Tommy,Mawford,tmawford1b@state.gov,fOSoXTIY,2019/07/10 11:35:04,2019/07/10 11:35:04
34,Heida,Blaney,hblaney2k@wp.com,sDtfeiHH7,2019/07/10 11:35:04,2019/07/10 11:35:04
35,Linnet,Laste,llaste11@toplist.cz,zZldzu,2019/07/10 11:35:04,2019/07/10 11:35:04
36,Christi,Willden,cwillden2m@tmall.com,FBUm75,2019/07/10 11:35:04,2019/07/10 11:35:04
37,Tadio,Symson,tsymson1c@ucoz.ru,t4J2El,2019/07/10 11:35:04,2019/07/10 11:35:04
38,Ramona,Escot,rescot2j@surveymonkey.com,n6sRPoM,2019/07/10 11:35:04,2019/07/10 11:35:04
39,Cecelia,Lawes,clawes2p@google.com,vjDAOo2Qtp,2019/07/10 11:35:04,2019/07/10 11:35:04
40,Karena,Keward,kkewardq@cocolog-nifty.com,fvSdup7GXr,2019/07/10 11:35:04,2019/07/10 11:35:04
41,Channa,Carous,ccarousd@ox.ac.uk,MrUJgjuwKFLi,2019/07/10 11:35:04,2019/07/10 11:35:04
42,Dinnie,Coady,dcoady15@flickr.com,Xh0grN,2019/07/10 11:35:04,2019/07/10 11:35:04
43,Wenda,Scrammage,wscrammage1g@forbes.com,xjPWQL,2019/07/10 11:35:04,2019/07/10 11:35:04
44,Bab,Becraft,bbecraft22@spiegel.de,Mff01P,2019/07/10 11:35:04,2019/07/10 11:35:04
45,Carleen,Odger,codger19@hp.com,CG3KPRE,2019/07/10 11:35:04,2019/07/10 11:35:04
46,Agata,Stamp,astamp1e@nymag.com,y7PbysQOdcz,2019/07/10 11:35:04,2019/07/10 11:35:04
47,Nobe,Cansdill,ncansdill2l@1und1.de,X8DnRD,2019/07/10 11:35:04,2019/07/10 11:35:04
48,Maury,Noye,mnoye1j@elegantthemes.com,paMJZCp8dV,2019/07/10 11:35:04,2019/07/10 11:35:04
49,Ignazio,Elliker,ielliker1p@seattletimes.com,5bPLUZ3SSV5S,2019/07/10 11:35:04,2019/07/10 11:35:04
50,Lonnie,Borham,lborham2e@myspace.com,H9aEtzR,2019/07/10 11:35:04,2019/07/10 11:35:04
51,Candra,Gruszecki,cgruszecki2r@nih.gov,zvgxhKO,2019/07/10 11:35:04,2019/07/10 11:35:04
52,Christie,Sproston,csprostonp@pagesperso-orange.fr,9Th04BpMiUtY,2019/07/10 11:35:04,2019/07/10 11:35:04
53,Meg,Storr,mstorr1h@dyndns.org,xZ2Wkvw,2019/07/10 11:35:04,2019/07/10 11:35:04
54,Jarred,Gurley,jgurley28@aol.com,4835hzuzzOKH,2019/07/10 11:35:04,2019/07/10 11:35:04
55,Ursuline,Voice,uvoice2i@w3.org,Pvmeb5,2019/07/10 11:35:04,2019/07/10 11:35:04
56,Cristiano,Reap,creap20@ca.gov,Ciubd8nipvRd,2019/07/10 11:35:04,2019/07/10 11:35:04
57,Alanah,Eyton,aeyton3@economist.com,DU60Ef,2019/07/10 11:35:04,2019/07/10 11:35:04
58,Ron,Concannon,rconcannon6@artisteer.com,s7KITsZ,2019/07/10 11:35:04,2019/07/10 11:35:04
59,Maxi,Brewett,mbrewetta@cnbc.com,iO8bI0H0p,2019/07/10 11:35:04,2019/07/10 11:35:04
60,Margy,Goulbourne,mgoulbournec@hostgator.com,5YaBu5buTx,2019/07/10 11:35:04,2019/07/10 11:35:04
61,Rockey,Rooper,rrooperm@cbc.ca,u1QIaRbRu,2019/07/10 11:35:04,2019/07/10 11:35:04
62,Lorna,Devil,ldevilk@51.la,7yjdg3q,2019/07/10 11:35:04,2019/07/10 11:35:04
63,Al,Drummond,adrummond13@mtv.com,q3VRqZbRFb,2019/07/10 11:35:04,2019/07/10 11:35:04
64,Mela,Brand,mbrand1x@t.co,9mDR5Q3q,2019/07/10 11:35:04,2019/07/10 11:35:04
65,Dario,Sibbe,dsibbe2a@unblog.fr,JocotXYC7x,2019/07/10 11:35:04,2019/07/10 11:35:04
66,Dalli,Sibary,dsibary2o@list-manage.com,Bo4hBDOuPmsM,2019/07/10 11:35:04,2019/07/10 11:35:04
67,Rickert,Trevers,rtrevers9@domainmarket.com,T8FbD6P0Usw,2019/07/10 11:35:04,2019/07/10 11:35:04
68,Merle,De Cleyne,mdecleynel@histats.com,usJcMWoY,2019/07/10 11:35:04,2019/07/10 11:35:04
69,Kylie,Zanetto,kzanetto17@mediafire.com,RZ7zEXUHh,2019/07/10 11:35:04,2019/07/10 11:35:04
70,Bell,Battle,bbattle1k@ehow.com,FJxwbQ4sEC,2019/07/10 11:35:04,2019/07/10 11:35:04
71,Saundra,Pendred,spendred1m@vk.com,bmQB2ra92,2019/07/10 11:35:04,2019/07/10 11:35:04
72,Morrie,Vernalls,mvernalls1i@sbwire.com,1lRsRfG3,2019/07/10 11:35:04,2019/07/10 11:35:04
73,Thornton,Piell,tpiell29@yellowpages.com,IUGe4Klu,2019/07/10 11:35:04,2019/07/10 11:35:04
74,Jeromy,Carmody,jcarmody1t@reddit.com,xO7AsWYBV7,2019/07/10 11:35:04,2019/07/10 11:35:04
75,Brnaba,Colomb,bcolomb1s@princeton.edu,mxhXtRT1H9lY,2019/07/10 11:35:04,2019/07/10 11:35:04
76,Glennis,Garahan,ggarahan2c@studiopress.com,KCpktDvlb,2019/07/10 11:35:04,2019/07/10 11:35:04
77,Othello,Crossthwaite,ocrossthwaitew@deliciousdays.com,R4ihlGaE,2019/07/10 11:35:04,2019/07/10 11:35:04
78,Gayla,Sharrock,gsharrock18@nifty.com,ekSVQT,2019/07/10 11:35:04,2019/07/10 11:35:04
79,Cooper,Blakey,cblakey2q@mapquest.com,o02adzv,2019/07/10 11:35:04,2019/07/10 11:35:04
80,Elicia,Dunmore,edunmore1@java.com,74lBYm3eNJP,2019/07/10 11:35:04,2019/07/10 11:35:04
81,Norina,Beushaw,nbeushawe@amazonaws.com,gecrNJ,2019/07/10 11:35:04,2019/07/10 11:35:04
82,Novelia,Buzzing,nbuzzing1l@google.cn,qeNRsz9OiRDN,2019/07/10 11:35:04,2019/07/10 11:35:04
83,Vikki,Makepeace,vmakepeace21@cpanel.net,csBSxs1Wy,2019/07/10 11:35:04,2019/07/10 11:35:04
84,Liza,Sweed,lsweed25@weibo.com,P6NNjWMa0,2019/07/10 11:35:04,2019/07/10 11:35:04
85,Judie,Burgisi,jburgisi2@dedecms.com,a8U2cGjvfGS,2019/07/10 11:35:04,2019/07/10 11:35:04
86,Vanya,Wallsworth,vwallswortht@blogtalkradio.com,tskATKU,2019/07/10 11:35:04,2019/07/10 11:35:04
87,Meggie,Shilstone,mshilstonex@howstuffworks.com,jCLUvgmLU,2019/07/10 11:35:04,2019/07/10 11:35:04
88,Rudolf,Freezor,rfreezor1d@sourceforge.net,hQ3tl4ECuZV,2019/07/10 11:35:04,2019/07/10 11:35:04
89,Berrie,Orrell,borrelly@npr.org,dAzHpGsu69,2019/07/10 11:35:04,2019/07/10 11:35:04
90,Francesca,Gaish,fgaish1q@rambler.ru,aJtXBDfDSgC,2019/07/10 11:35:04,2019/07/10 11:35:04
91,Don,Mitchley,dmitchley2n@behance.net,mG06pbFrOHet,2019/07/10 11:35:04,2019/07/10 11:35:04
92,Rip,Wakenshaw,rwakenshaw23@ucsd.edu,A49hmx42P5Sw,2019/07/10 11:35:04,2019/07/10 11:35:04
93,Polly,Lamburne,plamburner@economist.com,qH40x9ax,2019/07/10 11:35:04,2019/07/10 11:35:04
94,Sharline,Gounard,sgounards@shareasale.com,lVWHWbyN,2019/07/10 11:35:04,2019/07/10 11:35:04
95,Audrye,Stubbe,astubbe1f@technorati.com,PUf1bUSCA,2019/07/10 11:35:04,2019/07/10 11:35:04
96,Baudoin,Menco,bmenco1w@free.fr,HTh7cUcoV,2019/07/10 11:35:04,2019/07/10 11:35:04
97,Brigham,Barrand,bbarrand16@issuu.com,UrzzFAz,2019/07/10 11:35:04,2019/07/10 11:35:04
98,Alard,Leppington,aleppingtono@opensource.org,q6AepxL,2019/07/10 11:35:04,2019/07/10 11:35:04
99,Melany,Rigard,mrigard2h@dell.com,E0Fl9p5J,2019/07/10 11:35:04,2019/07/10 11:35:04
100,Tan,Dilloway,tdilloway1o@businesswire.com,S1UjanVd,2019/07/10 11:35:04,2019/07/10 11:35:04
